pdfname,page_Number,Paragraph_Number,Paragraph_Number_Ind,Paragraph_Content
Lorem ipsum dolor sit amet,1,1,1,"Lorem ipsum dolor sit amet, consectetur adipiscing elit. Aliquam aliquam lorem ut ex tempusporttitor. Suspendisse feugiat, mi vitae dapibus accumsan, sapien sem suscipit nibh, sedVehicula risus lectus feugiat metus. Nulla ac diam vestibulum, lobortis mi ut, effctur nibh.‘Curabitur ac faucibus urna. Donec ligula magna, malesuada eget interdum vel, ultrices id eratMaecenas molestie diam vitae auctor vestibulum. Integer imperdiet mauris eu orci mollis, ut‘mattis odio eleifend. integer tempus interdum orci nec vulputate. Suspendisse potenti"
Lorem ipsum dolor sit amet,1,2,2,"Cras pellentesque lobortis elt sit amet ornare. Aenean cursus lorem non magna varius, euvarius augue bibendum. Aliquam Id orci vel odio luctus malesuada at eget est, Nullam cursuslectus eu tellus consequat porttitor. Sed mollis metus nunc, eget luctus diam hendreritlaoreet. Fusce vitae malesuada mauris. Vestibulum nec dui vel arcu rutrum placerat eget nec‘alt. Proin quis lacus ultricies, eulsmod felis vel, sagitis augue."
Lorem ipsum dolor sit amet,1,3,3,"Pellentesque vel tristique arcu, sed tincidunt ais. Integer eget purus ac neque mattiscondimentum. Mauris et gravida est, non tempus magna. Nam eu convallis diam. Nullasodales vehicula dolor et suscipit. Sed porta et orci dignissim fermentum. Nullam malesuadasit amet dul eget sagittis. Nullam eu nis! a orci consectetur laoreet. Maecenas sagittis justo idullamcorper commodo."
Lorem ipsum dolor sit amet,1,4,4,"Nunc tempus tortor urna, ac sodales quam semper eu. Integer malesuada lobortis turpis.Fusce rutrum jpsum Ipsum. Donec ut eros at sem blandit tristique. Praesent ante mauris,‘maximus sed commodo feugiat, venenatis in velit. Suspendisse velit eros, fringlla nec massatut, maximus ornare lorem. Phasellus nibh elit, viverra ac justo vel, sollicitudin maximussapien. Aenean imperdiet lectus erat, nec varius metus ornare ac. Sed sagittis, leo necconsectetur varius, metus velit volutpat ex, vitae tincidune libero ligula et massa, Nam aliquam‘egestas lacus, quis posuere nulla gravida et, Fusce dapibus mauris ac magna vehicula, acpellentesque massa pretium. Sed effcitur volutpat urna, non euismod leo varius sit amet."
Lorem ipsum dolor sit amet,1,5,5,"‘Curabitur a ex luctus dolor molestie vehicula eu a tortor. Praesent tempor sit amet orci appharetra. Phasellus at nis| dapibus, cursus leo sit amet, feugiat sem. Nam aliquam placerat‘sem at bibendum. Ut rutrum arcu lacus, ac mattis nune hendrerit nec. Pellentesque nec leovitae dul maximus facilisis ut posuere diam In sagittis lorem at maximus scelerisque. Aeneantut quam ac nibh elementum scelerisque eget ut magna. Phasellus rutrum porta augue, acviverra felis sodales in, Nulla condimentum id dui non interdum."
Lorem ipsum dolor sit amet,1,6,6,"Nam lacus dolor, interdum ac lectus ut, accumsan tincidunt ipsum, Morbi eros massa, cursusnon eros vitae, fermentum mollis mi. Curabitur nec sodales arcu, eget bibendum risus.Pellentesque at ex sit amet felis congue mollis. Mauris vitae feugiat leo. Mauris sit ametfacilisis ante. Phasellus utornare massa. Proin pellentesque metus arcu, at fnibus dul suscipit"
Lorem ipsum dolor sit amet,1,7,7,"Inceger dapibus, velit et volutpat porta, ligula leo feugiat mauris, non ornare purus tortor ut<dlam. Mauris tempus diam nec faucibus condimentum. Suspendisse porta purus in nibhtltrices effcitur. in volutpat rhoncus felis, vitae facilisis sem sagitis eu. Nulla turpis urna,vehicula et pharetra eget, cursus at orcl. Suspendisse non accumsan nibh. Fusce luctus, orc‘eu rhoncus dapibus, mi ligula rhoncus nunc, nec mattis libero lacus eget libero. Vivamus acturpis magna,"
Lorem ipsum dolor sit amet,1,8,8,"Class aptent tacit sociosqu ad litora torquent per conubia nostra, per inceptos himenaees.‘Suspendisse a nunc augue. Vestibulum nisi eros, volutpat semper rutrum vel, fermentum non"
Lorem ipsum dolor sit amet,2,9,1,"neque. Nam fringila placerat consectetur. Nulla consequat nibh eu ligula imperdiet‘consectetur. Mauris lectus quam, commodo insolictudin nec, aliquet id risus. Phasellus diamtellus, vulputate at arcu eu, tincidunt lobortis est. Aliquam pharetra quam massa, ut molestieante aliquam eget. Aenean feugiat a orci ut tempor. Marbi lobortis convallis orc, commadovestibulum tortor laoreet nec, Cras in rhoncus tortor. Suspendisse ac fermentum nibh,"
Lorem ipsum dolor sit amet,2,10,2,"Proin fermentum cursus dul vitae posuere. Nunc augue odio, molestie non tincidunt sit amet,varius at erat. Donec ac massa tempus, ultricies velit et, lacinia risus. Maecenas malesuada,neque et fringlla loborts, risus dolor rutrum purus, eget tincidunt quam mi volutpat nuncDonec ut cursus purus. Duis massa ligula, cursus quis metus eget, aliquam eleifend mi. Fusceante diam, euismod vitae laculis 2, pellentesque ut nulla. Praesent sapien tellus, commodo etrutrum non, aliquet choncus odio. Pellentesque sit amet adio nec ex commodo facilisis."
Lorem ipsum dolor sit amet,2,11,3,"Donec elt est, viverra quis rutrum eu, rhoncus ut tellus. Cras placerat, tellus sed ornareLltrices, sem eros vulputate nulla, quis laculs est massa quis massa. Utnion ante tincidunt,rhoncus nis! gravida, porttitor dolor. Suspendisse id sem nec arcu venenatis condimentum atron ligula, Donecut imperdiet diam. Fusce faucibus diam vitae massa tristique tempus. FusceTringila ex sit amet mollis ullamcorper."
Lorem ipsum dolor sit amet,2,12,4,"Cras interdum nisi quis purus scelerisque suscipit. Praesent id dictum lacus, id dictum ipsum.Vestibulum id ligula convallis, dapibus tortor nec, sagittis purus. Donec dictum laoreet quam,sit amet blandit lero ultricies ut. Mauris nibh lacus, rhoncus id sem sit amet, egestasconvallis eros. Quisque sit amet euismod elit. Morbi diam leo elefend id porta eu, fermentum"
Lorem ipsum dolor sit amet,2,13,5,"In mollis molis velit quis tempus. Etiam sollcitudin eget velit vitae scelerisque. Sed molestieclit vel vulputate egestas. Maecenas in porta erat, nec accumsan mauris. Donec nonvestibulum enim. Donec vitae metus at quam lobortis luctus. Quisque elit mi, varius nectincidunt sit amet, elementum in mauris. Maecenas aliquet, felis a eleifend consectetur, orcjusto dignissim augue, vestibulum laoreet turpis massa ac purus. Vivamus feugiat arcu in‘tempus bibendum. Nunc placerat, velit in sagittis rutrum, felis ligula faucibus ser, velinterdum magna lectus in ipsum. Duis tempor tortor nec elit ullamcorper, eu sagittis nibhfnibus. Nunc laoreet nis! nibh, non pellentesque ipsum interdum et. Integer dul urna, suscipita tristique vitae, convallis vitae mi. Sed euismod diam sit amet nibh hendrerit auctor vel eupurus. Vestibulum ut augue quis ante mollis elementum."
Lorem ipsum dolor sit amet,2,14,6,"Etiam pulvinar sapien eu neque lacinia tincidunt eget ac ligula. Fusce ligula turpis, tristique acvehicula ac, ullamcorper at mi. Quisque fringlla orci at nibh consectetur blandit dictum velmi. Vivamus imperdiet ullamcorper augue. Vivamus effictur nibh massa, vitae bibendumtellus feugiat nec. Quisque porttitor vehicula porttitor. Integer consequat purus mauris,‘suscipit imperdiet diam bibendum ac. Nunc lobortis facilisis nibh a consequat."
Lorem ipsum dolor sit amet,2,15,7,"Duis rutrum luctus dui, eu mattis nis! pharetra vel. Nulla a neque enim. Cras pulvinar turpislorem, sit amet faucibus eros dictum et. Phasellus bibendum nisl et diam fringillapellentesque. Aliquam metus ligula, fringila vitae dapibus eget, elementum quis lacus.‘Aliquam tristique mattis lectus sed molestie. Sed erat sapien, auctor vitae suscipit at, gravida‘sed lorem. Mauris consectetur est eu ipsum sodales maximus."
Lorem ipsum dolor sit amet,2,16,8,"Integer a diam blandit, feugiat enim ut, suscipit orc. Nulla nibh sem, aliquet in ultrices non,vulputate varius ligula. Cras cursus pharetra bibendum. Etiam odio odio, pharetra nec"
Lorem ipsum dolor sit amet,3,17,1,"‘elementum sagittis, viverra eu nibh, Maecenas vitae turpis ac lectus accumsan euismod.Morbi diam augue, suscipit nec magna id, tempor pellentesque purus. Pellentesque eu velit‘mi. Nunc laoreet semper elit id aliquam. Maecenas non porta urna. Suspendisse non odio leo.Nulla facilisi. Suspendisse nec ullamcorper quam, at efficitur augue. Nulla nune tortor,pellentesque eu quam non, placerat malesuada justo. Sed convalls feugiat dolor, et euismodlacus pretium ut. Nam neque lacus, mattis ut viverra et, aliquet in nisi Aliquam erat volutpat."
Lorem ipsum dolor sit amet,3,18,2,"‘Sed molestie augue pretium lacus bibendum convallis. Class aptent tacit sociosqu ad ltoratorquent per conubia nostra, per inceptos himenaeos. Nam non sem at lorem fermentumfermentum in non sem. Morbi pellentesque neque sed massa imperdiet ornare. Crasvulputate vehicula Justo venenatis pulvinar. Donec sed nisl euismod, fermentum leo id,scelerisque mauris. Vivamus ornare purus non iaculis tempor. Nulla viverra egestasUllamcorper. Fusce ut placerat libero, Sed semper diam id nunc cursus placerat. Duis auguerisus, sodales eu eulsmod vitae, fringila id nisl. Praesent accumsan dignissim aunc etimperdiet. Duis viverra lobortis magna at vestibulum. Quisque molestie vehicula gravida,‘Vivamus consequat imperdiet posuere."
Lorem ipsum dolor sit amet,3,19,3,"‘Aenean varius, odio eget mattis tempus, ipsum ligula fermentum leo, sed rutrum mi nisl utrisus. Cras varius nisi felis, ac pharetra orci scelerisque varius. Proin interdum quis orci necplacerat. In sed sagittis lorem, a rutrum ipsum. Aliquam venenatis rutrum lacus sed blandit.‘Quisque rutrum arcu consequat, elementum libero ac tincidunt nulla. Integer mattis ipsum4 tellus bibendum rutrum at eget sem. Integer effcitur aliquam nisi, nec blandit metusdapibus non. Vivamus urna orc, sollcitudin et lectus at, maximus tempor nisl. Nunc‘condimentum lacinia turpis, sagitis faucibus erat euismod vitae. Pellentesque eget interdumtortor. Integer vel neque vel nunc accumsan rhoncus id eget diam. Integer gravida orci mauris,pulvinar cursus dolor bibendum at."
Lorem ipsum dolor sit amet,3,20,4,"Praesent laoreet sapien id eleifend interdum. Nulla sagittis, dlam sed tempus molestie, velitfelis tempus metus, nec auctor purus purus sit amet ex. Nullam vel orci elementum, mollistortor vel, lobortis est. Nulla facilisi. Mauris scelerisque bibendum purus. Fusce convallislobortis neque vet iaculis. Donec vitae hendrerit door, in laoreet sem. Proin pharetra eleifendscelerisque. Praesent tempus sed quam eu eleifend. Vivamus non lobortis quam, idpellentesque ipsum. Suspendisse effcitur enim pulvinar ligula vehicula, sitamet blandit tortorTringlla. Eiam sollcitudin fermentum ligula vel elementum. Vivamus sodales, est sit amettristique euismod, neque dolor solictudin urna, ut consectetur leo magna in justo. Uttristique fermentum felis, sit amet luctus magna elementum id. Duis id diam id diam iaculislobortis"
Lorem ipsum dolor sit amet,3,21,5,"Morbi faucibus maximus ex, in venenatis dul facilisis non. Curabitur consectetur imperdietfelis, nec aliquam neque lacinia vitae. Sed sed arcu porttitor, bibendum dolor sit amet, gravida‘enim, Nulla porta convallis nis, sodales fringila ante pretium eu. Vestibulum ante ipsumprimis in faucibus orci luctus et ultrices posuere cubilia curae; Nullam lacinia fringilaibero,‘quis auctor odio ornare a. Pellentesque id massa vitae sem rutrum aliquam. Duis a nulladictum, pharetra elt quis, rhoncus lacus. Curabitur ut tortor a ex iacullsaliquet eu vestibulum‘odio. Ut fermentum, ex eget lobortis pulvinar, augue dui vestibulum enim, mattis dictumtortor erat ac velit. Pellentesque vel condimentum metus, vel blandit massa. Curabiturmalesuada aliquam ligula feugiat mattis. Donec ultrices sem eros, ut pretium sem tempus at.Nam lectus dolor, consequat at nisl et, pulvinar lacinia ligula. Orci varius natoque penatibus‘et magnis dis parturient montes, nascetur ridiculus mus."
Lorem ipsum dolor sit amet,4,22,1,"Cras quis nulla nulla. Lorem ipsum dolor sit amet, consectetur adipiscing elit. Fusce consequatinterdum arcu ac lacinla, Nulla vitae vulputate felis, ac porta mi. Vestibulum blandit vehiculatellus, tincidunt varius lorem ornare at. Vivamus ultrices, augue a gravida sagittis, massa elitbibendum enim, eu viverra nulla erat non elit. Nunc sit amet arcu sit amet quam hendreritauctor. Nune ornare ac ex non sodales. Etiam vitae finibus neque. Sed tristique eget nibh ut‘elementum. Nunc et orc vitae enim ornare semper sed a metus. Suspendisse potent"
Lorem ipsum dolor sit amet,4,23,2,"Ut molestie id quam ac suscipit. Donec lacinia venenatis mauris vitae accumsan. Curabitur acmalesuada nisi Duls aliquet libero ac augue imperdiet, et egestas lacus consequat. Aeneanlacus ipsum, porta mattis enim vel, varius porttitor dui. Donec fringilla sit amet ex nec‘euismod. Curabitur sit amet commodo neque, condimentum posuere ex. Phasellus nisi velit,maximus et porta sit amet, iaculisac ante. Nunclacus quam, luctus sit amet fermentum porta,lobortis eu enim."
Lorem ipsum dolor sit amet,4,24,3,"Donec mattis jpsum sed sagittis choncus. Vestibulum ante ipsum primis in faucibus orci luctuset ultrices posuere cubilia curae; Morbi vehicula massa non ipsum feugiat rutrum. Integer velsapien et est tincidunt faucibus. Mauris a nunc ac risus mattis convallis in dictum diam, Donecrutrum, lacus sed auctor pellentesque, ipsum nisl consectetur lacus, vel ornare magna nullaaliquet arcu. Duis mollis orci vehicula metus iaculis, aliquam consequat enim pharetra‘Aliquam volutpat odio in vestibulum ullamcorper. Maecenas in urna commodo, tempor orcirec, varius tellus,"
Lorem ipsum dolor sit amet,4,25,4,"Cras tristique euismod orci hendrerit pharetra. Sed arcu nunc, finibus et ullamcorper a,rutrum in lectus. Vivamus viverra massa convallis, mattis est ac, eleifend metus. Mauris et‘consectetur lacus. Morbi faucibus eleifend diam faclisis cursus, Class aptent tacit saciosqu1d litera torquent per conubia nostra, per inceptos himenaeos. Aliquam quis lorem velit.Nullam pharetcafringilla quam, a posuere mauris varius sit amet."
Lorem ipsum dolor sit amet,4,26,5,"Nulla faucibus commodo semper. Lorem ipsum dolor sit amet, consectetur adipiscing elit.Sed sagittis arcu sit amet mauris volutpat consequat. Suspendisse fringilla bibendum magna,‘eget varius mauris euismod eget. Duis quis hendrerit elt, at dapibus leo. Vivamus tristique‘orci sapien, vestibulum mollis tellus volutpat at. Aliquam vitae pulvinar ex, mollis hendreritnisl. Integer suscipit, ligula non tempor egestas, ante lorem dignissim metus, non aliquetmetus lectus vitae arcu. Lorem ipsum dolor sit amet, consectetur adipiscing elt. Curabitur‘dapibus mauris et ex mattis pretium."
Lorem ipsum dolor sit amet,4,27,6,"Donec elementum neque sed ante dictum vehicula, Nam lacinia sem sit amet nunc laoreetpellentesque. Nullam vitae commodo ligula. Donec sit amet mauris vel ex pretium tincidunt.Duis scelerisque odio Id convallis elementum. Phasellus non ex efficitur, lobortis odio ut,‘tempor odio, Nam dictum elementum tincidunt. Nam vitae molestie magna."
Lorem ipsum dolor sit amet,4,28,7,"In faucibus eget ligula quis fringilla. Vivamus at urna ante, Sed eget vulputate sapien. Namconsequat lorem ac orci semper consequat. Donec eget dolor quis erat suscipit aliquet.Vestibulum erat risus, vulputate quis condimentum a, consequat a tortor. Sed ultricies anteac dul pretium, non hendrerit mi maximus. Etiam in gravida arcu."
Lorem ipsum dolor sit amet,4,29,8,"Mauris arcu lectus, maximus quis consectetur nec, dictum ut quam. Nunc in velit a felisvulputate blandit. Praesent vestibulum arcu elit, vel fermentum sapien commodo dapibus.Mauris ut scelerisque tortor, ac sagittis felis. Ut sed elit blandit mi faucibus dignissim. Fuscemassa lorem, varius et solictudin id, volutpat vitae massa. Ut tellus magna, ultrices eu odio"
Lorem ipsum dolor sit amet,5,30,1,"|g, suscipit eleifend sem. Vestibulum eu massa nisl. Ut molestie dlam eget accumsan tempor.‘Aenean non justo neque. Cras id lectus rutrum, feugiat arcu ac, gravida nisl. Nam a orci eumauris ullamcorper faucibus ut quis velit."
Lorem ipsum dolor sit amet,5,31,2,"‘Nunc pulvinar tincidunt sem, vel bibendum sem sodales at. Sed mattis eget purus pharetravolutpat. Aenean nec ligula erat. Quisque rutrum eu nibh sit amet tempor. Elam nec justojusto. Cras vestibulum massa ut erat vestibulum, sit amet lacinia neque pulvinar. Fusce nontellus et leo ullamcorper var. In finbus accumsan sapien, vitae imperdiet dul vestibulum‘eget. Curabitur placerat in purus ac suscipit."
Lorem ipsum dolor sit amet,5,32,3,"Nullam vestibulum nullain orc viverra vulputate. Aliquam dapibus scelerisque quam sit ametaliquet. Nam porta est dul, id tempor leo tincidunt eu. Vestibulum et eleifend lacus. Loremipsum dolor sit amet, consectetur adipiscing elit. In tristique odio vitae odio venenatisplacerat. Ouis faucibus pellentesque finbus. Cras finibus choncus facilisis. Nullam hendrerit,massa quis faucibus vulputate, ex sapien elementum elit, convallis vestibulum enim odio idfelis. Mauris vel orl sed mi ullamcorper malesuada nec quis ura In sem nun, suscipit quissapien at, blandit porta metus. Lorem ipsum dolor sit amet, consectetur adipiscing elit."
Lorem ipsum dolor sit amet,5,33,4,"Vestibulum ac condimentum erat. Aliquam nec mauris porttitor, semper felis vel, ultricestuma. Maecenas laoreet aliquam justo et facilisis. Nulla facilisi. Nunc diam velit, sagittis apellentesque nec tristique fermentum nunc. Mauris lorem ser, posuere sit amet quam vitae,posuere vehicula velit. Praesent semper nisi quis ex laoreet tempus. Pellentesque egestasfelis eu ligula volutpat, quis pretium tellus mattis. Pellentesque ultrices mollis urna, sit ametmalesuada nibh mattis sit amet. Sed eget dignissim diam, Phasellus ac lorem viverra dolorrutrum porta non vel nulla"
Lorem ipsum dolor sit amet,5,34,5,"Proin molestie mauris a tortor egestas, quis tempus dul dignissim. Integer ante purus, egestasvel lacinia vitae, pulvinar ut nibh. Sed blandit non est quis sagittis. Donec aliquet nibh quislobortis euismod. Phasellus cursus purus a lobortis maximus. Fusce gravida fringlla lectus inporta. Curabitur accumsan, tortor interdum fnibus iaculls, ser tortor sagittis est, et venenatislacus mi et urna. Class aptent tacti sociosqu ad ltora torquent per conubia nostra, perinceptos himenaeos. Nullam sodales pretium est, eu rutrum orci tristique et. Nulla vehicula,nist eu efficitur volutpat, lacus est malesuada eros, nec pulvinar dui turpis at est. Sed sedconsequat libero. Mauris rutrum velit et molestie tristique. Fusce eget tincidunt tellus. Fuscevel ex sapien. Aliquam vestibulum sollcitudin quam, mattis viverra nulla eleifend quis.\vivamus congue tempor augue nan interdum."
Lorem ipsum dolor sit amet,5,35,6,"Vivamus vulputate est pretium commodo cursus. Vivamus elementum, diam ac pretiumlobortis, massa erat ultrices sem, eu rutrum enim metus nec velit. Nullam nec ullamcorperlorem, sit amet laoreet dolor. Vivamus semper maximus turpis, a tempor lorem interdum‘eget. Maecenas tempus ante et convallis tincidunt. Aenean vulputate ante ante, non pretiumipsum condimentum id. Quisque eget sapien eget arcu faucibus vulputate nec in neque."
Lorem ipsum dolor sit amet,5,36,7,"Ut sed lam dapibus, sodales velit ac, semper ipsum, Suspendisse sit amet ultrices dolor, acpulvinar quam. Mauris feugiat feugiat lorem, at bibendum elit imperdiet quis. CurabiturTringila massa id eros tincidunt aliquet. Nulla commodo turpis a consequat sodales.Maecenas posuere eleifend feugiat. Phasellus mauris odio, ornare sit amet volutpat et,‘egestas et elit. Utat felis sed nisi mollis maximus. Donec magna elt, viverra at accumsan in,aliquet volutpat odio. Sed pellentesque, mi eget elementum rhoncus, lacus ligula elementumdam, venenatis consequat massa justo eu sapien. Nulla pharetra congue tristique. Nunc a"
Lorem ipsum dolor sit amet,6,37,1,"am tempus, interdum nisi quis, vestibulum libero, Nulla sit amet neque tincidunt, aliquamipsum sed, efficitur quam,"
Lorem ipsum dolor sit amet,6,38,2,"In auctor viverra sapien, sed tempor tellus auctor vel, Donec luctus at enim at iaculls. Donec‘tempor pellentesque tellus sit amet vehicula. Donec nec ex eros. Aenean ut interdum dolorDuis ultricies arcu et turpis egestas, vitae posuere neque rhoncus. Vivamus ultricies luctusmolestie, Praesent moll, felis eget scelerisque dapibus, ligula nis! consectetur mauris, uthendrerit nulla lita elt."
Lorem ipsum dolor sit amet,6,39,3,"Nullam ultricies tincidunttristique. Cras id dui quam. Donec eget mattis augue. Nunc faucibussapien nibh, eu pulvinar nisi blandit sed. in hac habitasse platea dictumst. Integer rhoncus,clit in moll tristique, risus neque tempus turpis, suscipit egestas risus tellus tristique arcu.‘Sed at magna bibendum, dictum erat a, tempus lacus. Aenean magna augue, rutrum idfaucibus et, pulvinar non nis"
Lorem ipsum dolor sit amet,6,40,4,"Maecenas bibendum odio sem, eget ultricies ex porttitor in. Sed nisi ex, volutpat vitaeLllamcorper ac, suscipit sed ante. Nunc imperdiet urna a tempus commodo, Proin non rutrumligula, a tincidunt turpis. Duis eleifend sit amet odio sed convalis. Nulla dapibus eleifend nulla,vel auctor diam rhoncus sit amet. Nullam in volutpat mauris. Maecenas non euismod ipsum.Donec ultrices felis ac velit dictum, ut feugiat nunc tristique. Aenean at ligula bibendum,interdum nibh quis, tristique risus. Sed sit amet nisi pellentesque, fringila dolor faucibus,viverra odio. Nam at augue id mi vulputate tempus. Pellentesque eget placerat sapien, sedconsectetur nunc. Fusce dapibus velit odio, elementum pellentesque urna consectetur in.Nullam maximus cursus facilisis. Nullam dapibus suscipit dul, aliquet hendrerit dolor facilisisvel"
Lorem ipsum dolor sit amet,6,41,5,"Phasellus sit amet faucibus enim. Pellentesque placerat maximus fell, vitae ultricies senUllamcorper a. Donec suscipit eras nulla, nec blandit urna suscipit eget. Pellentesque idposuere ex, ac consectetur diam. Curabitur rutrum sit amet velit fringila varius. Mauris‘elementum commado eros, a vulputate elt volutpat porta. Etiam facilisis mauris enim, sit‘amet imperdiet orc! fermentum sed. Pellentesque blandit sit amet velit in aliquam. Classaptent tacit sociosqu ad ltora torquent per conubia nostra, per inceptos himenaeos."
Lorem ipsum dolor sit amet,6,42,6,"‘Sed quis euismod dolor. Quisque molestie nibh turpis, at sodales velit faucibus et. Narn nonmetus sapien, Morbi velit metus, lobortis aliquet elementum in, interdum non velit. Maecenas<dul lacus, porta vel pretium at, malesuada ac justo. Nullam dictum non libero vitae gravida.Inid neque tincidunt, pulvinar sem ac, vulputate ligula. Phasellus feugiat elit ut neque tempor,‘eget luctus neque interdum. Vivamus vestibulum mauris eget turpis scelerisque, sed placerat‘odio ornare, Etiam euismod est et volutpat ornare. Vivamus vel lacus sit amet tortor sodales{aclsis. Pellentesque pretium bibendum lectus ac dapibus."
Lorem ipsum dolor sit amet,6,43,7,"Incondimentum sagittis est. Donec vel tincidunt dolor. Sed faucibus risus ut volutpat facilis,Morbi in dignissim justo. Duis est urna, euismod pretium nulla sit amet, ullamcorper rutrum‘lt. Class aptent tacit sociosqu ad litera torquent per conubia nostra, per inceptoshimenaeos. Nuila erat tellus, hendrerit vel dui at, venenatis mattis dul. Sed aliquet sapienmauris, quis sollciudin velit condimentum vel, Phasellus maximus massa sed erat gravidavenenatis. Aenean finibus lorem nec odio porttitor molestie volutpat ut est. Praesent eget‘magna non nibh molestie auctor a nec ligula. Cras consequat dul ut lacus ornare consequatvel id magna"
Lorem ipsum dolor sit amet,7,44,1,"Nam id magna nisl. Nunc pulvinar dul ac mi faucibus elementum. Etiam felis dolor, gravida actincidunt et, placerat at augue. Suspendisse convallis tristique nis! nec tincidunt. Ut eleifend‘euismod turpis, sed maximus libero feugiat eget. Duis ut pulvinar erat. Sed urna mi, luctuspPharetra turpis quis, tristique hendrerit sem. Maecenas interdum dul sit amet erat auctor,‘sed tempor erat volutpat. Praesent ipsurn magna, pharetra nec ullamcorper vitae, dictum etrune. Vivamus leo ipsum, posuere sed varius ac, condimentum nec quam. Nam convallis‘condimentum orci sed feugiat. Aliquam lacus tempor ex non henderit."
Lorem ipsum dolor sit amet,7,45,2,"Maecenas ut elit id dolor solictudin aliquam. Aenean nulla neque, aliquet eu maximus sit‘amet, tincidunt eget sapien. Sed eget commodo turpis, in dictum enim. Aenean consequat,rune sit amet vehicula tempor, enim purus varius augue, vel efficitur purus dolor sed risus.‘Quisque quis tortor lorem. Duis eu ullamcorper justo. Sed vel laoreet velit, Nunc pretium odionisl, in malesuada est viverra non. Sed fringilla aliquam metus, sit amet fermentum antePhasellus viverra mauris ac purus posuere luctus. Phasellus congue viverra est id pharetra,"
Lorem ipsum dolor sit amet,7,46,3,"Fusce cursus ante in dolor volutpat congue. Maecenas euismod placerat lectus, et facilisis nisl{dapibus non. Cras at commodo libero. Phasellus eu finibus leo. Mauris et congue tortor, eumattis ante. Donec nec tempor dui, quis rutrum ligula. Aliquam sodales ullamcorper ante, euconvallis sem porta et."
Lorem ipsum dolor sit amet,7,47,4,"Inin mi dui. Morbi eget nulla elementum, fermentum enim vel, commodo neque. Nunc id mi‘a nulla pharetra consectetur ac non enim, Praesent a ornare nibh. Quisque semper mi utplacerat dignissim. Donec sit amet posuere dolor. Nullam ukrices leo ac sto posuere cursus.Mauris quis commodo libero, vitae tristique nisl Cras sit amet honcus purus, nec ultrices‘sem. Mauris maximus ex elt, sit amet volutpat orci placerat at. Ut aliquam mauris at risusfnibus tempus. Suspendisse fermentum sagittis tincidunt. Interdum et malesuada fames ac‘ante ipsum primis in faucibus,"
Lorem ipsum dolor sit amet,7,48,5,"Fusce varius, lacus vel accumsan iaculis, dolor odio tempus mauris, eget cursus ligula elit idpurus. Ut rhoncus molestie magna ac tincidunt. Donec erat dolor, matts vel ullamcorper vel,posuere in tortor. Cras eu nisl at ex ultrices facilisis vitae nec quam. Aliquarn volutpat tortor‘leifend malesuada lacinia, Phasellus aliquam congue feugiat. Curabitur et faucibus veli.‘Suspendisse corwallis nisi in justo molestie cursus"
Lorem ipsum dolor sit amet,7,49,6,"Maecenas vel malesuada mauris. Nam vel efficitur nune. Quisque pellentesque nibh ac odiopretium consectetur. Lorem ipsum dolor sit amet, consectetur adipiscing elit. Donec attincidunt lorem, vitae dapibus nisl. Suspendisse vestibulum eget lectus quis interdum.Phasellus ac felis vehicula, ornare enim et, consectetur est. Donec massa quam, suscipit sedHgula sea, effictursolictudin nunc. Mauri i placerat nibh. Integer ante lacus, malesuada innibh sit amet, condimentum faucibus nulla. Donec euismod ligula vitae diam malesuadalobortis. Cras eleifend lorem ut orci lacinia congue. Integer tristique dignissim urna, egetcffictur massa commodo a. Nam sit amet justo molestie, ornare purus a, rutrum est.‘Suspendisse elementum justo sit amet molestie luctus. Pellentesque tellus est, feugiat sedlacinia eu, facilisis a enim."
Lorem ipsum dolor sit amet,7,50,7,"Inbibendum ornare scelerisque. Sed id malesuada sem. Nunc congue luctus porta. Maecenasfaucibus egestas ipsum, id viverra justo porttitor non. Sed feugiat, dolor vel congue rutrum,‘erat turpis egestas elit, ac luctus neque metus eget nibh. Aenean aliquet ex massa, nonvulputate arcu ullamcorper vel. Phasellus eget augue at ex vehicula dignissim. Aliquam erat"
Lorem ipsum dolor sit amet,8,51,1,"volutpat. Donec interdum mauris dolor, et vulputate risus molestie eget. Vestibulum pretium‘cursus venenatis. Suspendisse ullamcorper mauris est, in bibendum elt viverra in"
Lorem ipsum dolor sit amet,8,52,2,"Nulla tempor, sem et venenatis congue, ex libero mattis metus, ut molestie diam est nonturpis. Praesent laoreet ex in semper euismod. Aliquam augue diam, varus a interdum eget,rhoncus in leo. Donec vitae vestibulum ligula, a imperdiet tortor. Mauris eu lorem sed sapienmollis consequat ac at mauris. integer commodo viverra turpis, eu aliquet lorem vestibulumeu. Morbi molestie non nunc non vulputate. Aenean in nulla quis urna finibus ehoncus.Phasellus condimentum auctor jpsum non porttitor. Donec ut eros tempor, condimentumligula id, dictum velit. Morbi tempus eget nisi at posuere. Curabitur varius posuere arcu sit‘amet fiibus,"
Lorem ipsum dolor sit amet,8,53,3,"Vestibulum tincidunt nunc quis elit semper venenatis. Maecenas aliquet, diam non vulputatecondimentum, nunc nisl tristique elit id elementum mi dui sit amet nisi. Sed vitae suscipit‘eros. Pellentesque lectus eros, ornare et pellentesque id, suscipit eget lacus. Donec rutrum etdul ac varius. Sed sapien massa, fermentum vel fringilla vitae, viverra ut purus. Curabiturneque turpis, mattis ac eros sed, blandit faucibus metus. Duis semper dictum pharetra,Mauris nec ornare dolor. Cras pharetra ornare nisi et rhoncus pune aliquet sit amet. Aliquamfinibus et orci eget accumsan, Nunc in nibh sed mi imperdiet imperdiet sed eu mi, Utin aliquetleo, eu ultricies augue."
Lorem ipsum dolor sit amet,8,54,4,"‘Suspendisse finibus magna nec porta aliquam. interdum et malesuada fames ac ante ipsumprimis in faucibus. Nunc sit amet magna tempus, ulricies nis! accumsan, eulsmod arcu. Morbiscelerisque elt erat, eget ullamcorper sem tincidunt eget. Sed luctus neque at justo rhoncusvolutpat. In hac habitasse platea dictumst. Proin magna sapien, malesuada ac lacnia id,tristique at tortor. Vestibulum purus nung, ukrices in maximus quis aliquam a lectus. Integersed neque cursus, dapibus erat suscipit, malesuada libero. Etam tempor pellentesquelaoreet. Morbi purus turpis, porta sed dolar iaculis, tincidunt tristique neque. Vestibulum nibhtuma, pharetra nec mi quis, tempus dapibus turpis. In interdum purus leo, at convallis orci‘euismod non. Quisque et metus tempus, pharetra justo ut, lobortis eros. Fusce at turpisaliquet, congue eros ut, dictum justo. In ut purus vitae quam viverra iaculs,"
Lorem ipsum dolor sit amet,8,55,5,"Nam solictudin, nunc eu luctus vulputate, enim ligula facilisis massa, et posuere sem erat atjusto. Aenean fringilla libero sit amet odio cursus posuere. Aenean sem risus, finlbus idpulvinar sed, dictum in quam. In in elementum sem. Praesent dui sem, interdum effcitur‘ornare sed, volutpat et nisl. Curabitur sagittis lacus in dui volutpat, blandit fringilla antealiquam. Vivamus laoreet auctor tincidunt. In ornare hendrerit congue."
